problem,agent,source,destination,path,cost,nodes_explored,time_seconds
1,PATHFINDER,Reception of Calcutta University,Library,Reception of Calcutta University -> Power Area -> Canteen of Technology Campus -> Parking Area -> Tower 2 Front Entry -> Lift Area -> Library,685,9,0.000337
1,ORBIT,Reception of Calcutta University,Library,Reception of Calcutta University -> Power Area -> Canteen of Technology Campus -> Parking Area -> Tower 2 Front Entry -> Lift Area -> Library,685,10,6e-05
2,PATHFINDER,Canteen of Technology Campus,New Building 2 (Workshop Building),Canteen of Technology Campus -> Garden of Technology Campus -> New Building 2 (Workshop Building),300,3,1.7e-05
2,ORBIT,Canteen of Technology Campus,New Building 2 (Workshop Building),Canteen of Technology Campus -> Garden of Technology Campus -> New Building 2 (Workshop Building),300,3,1.6e-05
3,PATHFINDER,Entry Gate 1 (G1),CSE Laboratory,Entry Gate 1 (G1) -> Reception of Calcutta University -> Power Area -> Canteen of Technology Campus -> Parking Area -> Tower 2 Front Entry -> Lift Area -> CSE Laboratory,850,9,3.6e-05
3,ORBIT,Entry Gate 1 (G1),CSE Laboratory,Entry Gate 1 (G1) -> Reception of Calcutta University -> Power Area -> Canteen of Technology Campus -> Parking Area -> Tower 2 Front Entry -> Lift Area -> CSE Laboratory,850,11,4.5e-05
4,PATHFINDER,Auditorium Hall,CSE_AKC Seminar Hall,Auditorium Hall -> Garden of Technology Campus -> Canteen of Technology Campus -> Parking Area -> Tower 2 Front Entry -> Lift Area -> CSE_AKC Seminar Hall,645,7,2.9e-05
4,ORBIT,Auditorium Hall,CSE_AKC Seminar Hall,Auditorium Hall -> Garden of Technology Campus -> Canteen of Technology Campus -> Parking Area -> Tower 2 Front Entry -> Lift Area -> CSE_AKC Seminar Hall,645,11,4.8e-05
5,PATHFINDER,Library,Canteen of Technology Campus,Library -> Lift Area -> Tower 2 Front Entry -> Parking Area -> Canteen of Technology Campus,375,7,2.8e-05
5,ORBIT,Library,Canteen of Technology Campus,Library -> Lift Area -> Tower 2 Front Entry -> Parking Area -> Canteen of Technology Campus,375,10,4e-05
6,PATHFINDER,Power Area,New Building 1 (Science Building),Power Area -> CNM Centre (Nano Technology) -> Auditorium Hall -> New Building 2 (Workshop Building) -> New Building 1 (Science Building),610,5,1.9e-05
6,ORBIT,Power Area,New Building 1 (Science Building),Power Area -> Canteen of Technology Campus -> Garden of Technology Campus -> New Building 1 (Science Building),500,6,2.5e-05
